Workbook

Sheet Products
A1: ProductID | B1: Product | C1: Category | D1: Price
A2: 101 | B2: Product A | C2: Electronics | D2: 120
A3: 102 | B3: Product B | C3: Furniture | D3: 150
A4: 103 | B4: Product C | C4: Electronics | D4: 200
A5: 104 | B5: Product D | C5: Clothing | D5: 90
A6: 105 | B6: Product E | C6: Furniture | D6: 220
A7: 106 | B7: Product F | C7: Electronics | D7: 130

Sheet Orders
A1: OrderID | B1: ProductID | C1: Quantity | D1: UnitPrice | E1: TotalPrice | G1: 1.Use VLOOKUP to dynamically find the unite price for each Product ID in the Order worksheet and calculate the total price.
A2: 1 | B2: 101 | C2: 2 | D2: =VLOOKUP(B2,Products!$A$1:'Products'!$D$7,4,FALSE) -> 120 | E2: =Orders!C2*Orders!D2 -> 240 | G2: 2.Use nested VLOOKUP to find the category of each product in the Orders worksheet.
A3: 2 | B3: 103 | C3: 1 | D3: =VLOOKUP(B3,Products!$A$1:'Products'!$D$7,4,FALSE) -> 200 | E3: =Orders!C3*Orders!D3 -> 200
A4: 3 | B4: 105 | C4: 4 | D4: =VLOOKUP(B4,Products!$A$1:'Products'!$D$7,4,FALSE) -> 220 | E4: =Orders!C4*Orders!D4 -> 880
A5: 4 | B5: 106 | C5: 3 | D5: =VLOOKUP(B5,Products!$A$1:'Products'!$D$7,4,FALSE) -> 130 | E5: =Orders!C5*Orders!D5 -> 390
A6: 5 | B6: 102 | C6: 5 | D6: =VLOOKUP(B6,Products!$A$1:'Products'!$D$7,4,FALSE) -> 150 | E6: =Orders!C6*Orders!D6 -> 750
A7: 6 | B7: 104 | C7: 6 | D7: =VLOOKUP(B7,Products!$A$1:'Products'!$D$7,4,FALSE) -> 90 | E7: =Orders!C7*Orders!D7 -> 540
A9: Product | B9: Category
A10: =VLOOKUP(B2,Products!$A$1:'Products'!$D$7,2,FALSE) -> Product A | B10: =VLOOKUP(B2,Products!$A$1:'Products'!$C$7,3,FALSE) -> Electronics
A11: =VLOOKUP(B3,Products!$A$1:'Products'!$D$7,2,FALSE) -> Product C | B11: =VLOOKUP(B3,Products!$A$1:'Products'!$C$7,3,FALSE) -> Electronics
A12: =VLOOKUP(B4,Products!$A$1:'Products'!$D$7,2,FALSE) -> Product E | B12: =VLOOKUP(B4,Products!$A$1:'Products'!$C$7,3,FALSE) -> Furniture
A13: =VLOOKUP(B5,Products!$A$1:'Products'!$D$7,2,FALSE) -> Product F | B13: =VLOOKUP(B5,Products!$A$1:'Products'!$C$7,3,FALSE) -> Electronics
A14: =VLOOKUP(B6,Products!$A$1:'Products'!$D$7,2,FALSE) -> Product B | B14: =VLOOKUP(B6,Products!$A$1:'Products'!$C$7,3,FALSE) -> Furniture
A15: =VLOOKUP(B7,Products!$A$1:'Products'!$D$7,2,FALSE) -> Product D | B15: =VLOOKUP(B7,Products!$A$1:'Products'!$C$7,3,FALSE) -> Clothing

Sheet MonthlySales
B1: Jan | C1: Feb | D1: Mar | E1: Apr | F1: May | H1: 1.Use HLOOKUP to dynamically find the sales for Product B in a specified month
A2: Product A | B2: 120 | C2: 130 | D2: 140 | E2: 150 | F2: 160 | H2: Sales of Product B for March
A3: Product B | B3: 150 | C3: 160 | D3: 170 | E3: 180 | F3: 190 | H3: =HLOOKUP("Mar",B1:F7,3,FALSE) -> 170
A4: Product C | B4: 200 | C4: 210 | D4: 220 | E4: 230 | F4: 240
A5: Product D | B5: 90 | C5: 100 | D5: 110 | E5: 120 | F5: 130
A6: Product E | B6: 220 | C6: 230 | D6: 240 | E6: 250 | F6: 260
A7: Product F | B7: 130 | C7: 140 | D7: 150 | E7: 160 | F7: 170
