Workbook

Sheet Sheet1
A1: ProductID | B1: Product | C1: Price | D1: Order/Not Order | E1: Quantity | F1: Quantity Sold
A2: 101 | B2: Product A | C2: 120 | D2: =IF(ISNA(VLOOKUP(A2,Sheet2!$B$1:$B$7,1,0)),"Not Order","Order") -> Order | E2: 2 | F2: =SUMIF(Sheet2!$B$1:$B$8,A2,Sheet2!$C$1:$C$8) -> 2
A3: 102 | B3: Product B | C3: 150 | D3: =IF(ISNA(VLOOKUP(A3,Sheet2!$B$1:$B$7,1,0)),"Not Order","Order") -> Order | E3: 5 | F3: =SUMIF(Sheet2!$B$1:$B$8,A3,Sheet2!$C$1:$C$8) -> 5
A4: 103 | B4: Product C | C4: 200 | D4: =IF(ISNA(VLOOKUP(A4,Sheet2!$B$1:$B$7,1,0)),"Not Order","Order") -> Order | E4: 1 | F4: =SUMIF(Sheet2!$B$1:$B$8,A4,Sheet2!$C$1:$C$8) -> 1
A5: 104 | B5: Product D | C5: 90 | D5: =IF(ISNA(VLOOKUP(A5,Sheet2!$B$1:$B$7,1,0)),"Not Order","Order") -> Order | E5: 6 | F5: =SUMIF(Sheet2!$B$1:$B$8,A5,Sheet2!$C$1:$C$8) -> 6
A6: 105 | B6: Product E | C6: 220 | D6: =IF(ISNA(VLOOKUP(A6,Sheet2!$B$1:$B$7,1,0)),"Not Order","Order") -> Order | E6: 4 | F6: =SUMIF(Sheet2!$B$1:$B$8,A6,Sheet2!$C$1:$C$8) -> 4
A7: 106 | B7: Product F | C7: 130 | D7: =IF(ISNA(VLOOKUP(A7,Sheet2!$B$1:$B$7,1,0)),"Not Order","Order") -> Order | E7: 3 | F7: =SUMIF(Sheet2!$B$1:$B$8,A7,Sheet2!$C$1:$C$8) -> 3
A8: 108 | B8: Product G | C8: 150 | D8: =IF(ISNA(VLOOKUP(A8,Sheet2!$B$1:$B$7,1,0)),"Not Order","Order") -> Order | F8: =SUMIF(Sheet2!$B$1:$B$8,A8,Sheet2!$C$1:$C$8) -> 0
A9: 107 | B9: Product H | C9: 140 | D9: =IF(ISNA(VLOOKUP(A9,Sheet2!$B$1:$B$8,1,0)),"Not Order","Order") -> Order | E9: 5 | F9: =SUMIF(Sheet2!$B$1:$B$8,A9,Sheet2!$C$1:$C$8) -> 5

Sheet Sheet2
A1: OrderID | B1: ProductID | C1: Quantity | D1: TotalPrice | E1: Discounted Price(10%) | F1: ProductID | G1: Product
A2: 1 | B2: 101 | C2: 2 | D2: =Sheet1!C2*C2 -> 240 | E2: =VLOOKUP(B2,Sheet1!$A$1:$C$7,3,0)*0.9 -> 108 | F2: 101 | G2: =VLOOKUP(F2,Sheet1!A$1:$C$7,2,0) -> Product A
A3: 2 | B3: 103 | C3: 1 | D3: =Sheet1!C4*C3 -> 200 | E3: =VLOOKUP(B3,Sheet1!$A$1:$C$7,3,0)*0.9 -> 180 | F3: 103 | G3: =VLOOKUP(F3,Sheet1!A$1:$C$7,2,0) -> Product C
A4: 3 | B4: 105 | C4: 4 | D4: =Sheet1!C6*C4 -> 880 | E4: =VLOOKUP(B4,Sheet1!$A$1:$C$7,3,0)*0.9 -> 198 | F4: 105 | G4: =VLOOKUP(F4,Sheet1!A$1:$C$7,2,0) -> Product E
A5: 4 | B5: 106 | C5: 3 | D5: =Sheet1!C7*C5 -> 390 | E5: =VLOOKUP(B5,Sheet1!$A$1:$C$7,3,0)*0.9 -> 117 | F5: 106 | G5: =VLOOKUP(F5,Sheet1!A$1:$C$7,2,0) -> Product F
A6: 5 | B6: 102 | C6: 5 | D6: =Sheet1!C3*C6 -> 750 | E6: =VLOOKUP(B6,Sheet1!$A$1:$C$7,3,0)*0.9 -> 135 | F6: 102 | G6: =VLOOKUP(F6,Sheet1!A$1:$C$7,2,0) -> Product B
A7: 6 | B7: 104 | C7: 6 | D7: =Sheet1!C5*C7 -> 540 | E7: =VLOOKUP(B7,Sheet1!$A$1:$C$7,3,0)*0.9 -> 81 | F7: 104 | G7: =VLOOKUP(F7,Sheet1!A$1:$C$7,2,0) -> Product D
A8: 7 | B8: 107 | C8: 5 | D8: =Sheet1!C9*C7 -> 840 | E8: =VLOOKUP(B8,Sheet1!$A$1:$C$9,3,0)*0.9 -> 126
A9: ProductID | B9: Price | D9: ProductID | E9: Product
A10: 101 | B10: =VLOOKUP(A10,Sheet1!$A$1:$C$7,3,0) -> 120 | D10: 101 | E10: =IF(ISNA(VLOOKUP(D10,Sheet1!$A$1:$C$7,1,0)),"Not Found","Found") -> Found
A11: 103 | B11: =VLOOKUP(A11,Sheet1!$A$1:$C$7,3,0) -> 200 | D11: 105 | E11: =IF(ISNA(VLOOKUP(D11,Sheet1!$A$1:$C$7,1,0)),"Not Found","Found") -> Found
A12: 105 | B12: =VLOOKUP(A12,Sheet1!$A$1:$C$7,3,0) -> 220 | D12: 104 | E12: =IF(ISNA(VLOOKUP(D12,Sheet1!$A$1:$C$7,1,0)),"Not Found","Found") -> Found
A13: 106 | B13: =VLOOKUP(A13,Sheet1!$A$1:$C$7,3,0) -> 130 | D13: 109 | E13: =IF(ISNA(VLOOKUP(D13,Sheet1!$A$1:$C$7,1,0)),"Not Found","Found") -> Not Found
A14: 102 | B14: =VLOOKUP(A14,Sheet1!$A$1:$C$7,3,0) -> 150 | D14: 110 | E14: =IF(ISNA(VLOOKUP(D14,Sheet1!$A$1:$C$7,1,0)),"Not Found","Found") -> Not Found
A15: 104 | B15: =VLOOKUP(A15,Sheet1!$A$1:$C$7,3,0) -> 90 | D15: 111 | E15: =IF(ISNA(VLOOKUP(D15,Sheet1!$A$1:$C$7,1,0)),"Not Found","Found") -> Not Found
D16: 112 | E16: =IF(ISNA(VLOOKUP(D16,Sheet1!$A$1:$C$7,1,0)),"Not Found","Found") -> Not Found
D18: Max Order Value | E18: =MAX(D2:D7) -> 880
