Workbook

Sheet Sheet1
A1: Teacher_ID | B1: Teacher_Name | C1: Gender | D1: Age | E1: Qualification | F1: Subject | G1: Department | H1: Class_Assigned | I1: Section | J1: Experience_Years | K1: Joining_Year | L1: Monthly_Salary | M1: Employment_Type | N1: Phone_No | O1: Email_ID
A2: T001 | B2: Amit Sen | C2: M | D2: 38 | E2: M.Sc | F2: Physics | G2: Science | H2: 10 | I2: A | J2: 12 | K2: 2012 | L2: 42000 | M2: Permanent | N2: 9876543201 | O2: amit.sen@school.edu
A3: T002 | B3: Riya Roy | C3: F | D3: 34 | E3: M.A | F3: English | G3: Arts | H3: 9 | I3: B | J3: 10 | K3: 2014 | L3: 38000 | M3: Permanent | N3: 9876543202 | O3: riya.roy@school.edu
A4: T003 | B4: Suman Das | C4: M | D4: 41 | E4: M.Sc | F4: Mathematics | G4: Science | H4: 10 | I4: B | J4: 15 | K4: 2009 | L4: 45000 | M4: Permanent | N4: 9876543203 | O4: suman.das@school.edu
A5: T004 | B5: Neha Paul | C5: F | D5: 29 | E5: B.Ed | F5: Biology | G5: Science | H5: 8 | I5: A | J5: 5 | K5: 2019 | L5: 30000 | M5: Contract | N5: 9876543204 | O5: neha.paul@school.edu
A6: T005 | B6: Rahul Ghosh | C6: M | D6: 45 | E6: M.A | F6: History | G6: Arts | H6: 9 | I6: A | J6: 20 | K6: 2004 | L6: 48000 | M6: Permanent | N6: 9876543205 | O6: rahul.ghosh@school.edu
A7: T006 | B7: Ananya Bose | C7: F | D7: 36 | E7: M.Sc | F7: Chemistry | G7: Science | H7: 11 | I7: A | J7: 11 | K7: 2013 | L7: 43000 | M7: Permanent | N7: 9876543206 | O7: ananya.bose@school.edu
A8: T007 | B8: Arjun Banerjee | C8: M | D8: 32 | E8: B.Tech | F8: Computer | G8: IT | H8: 10 | I8: C | J8: 7 | K8: 2017 | L8: 36000 | M8: Contract | N8: 9876543207 | O8: arjun.b@school.edu
A9: T008 | B9: Priya Mukherjee | C9: F | D9: 39 | E9: M.A | F9: Geography | G9: Arts | H9: 8 | I9: B | J9: 14 | K9: 2011 | L9: 41000 | M9: Permanent | N9: 9876543208 | O9: priya.m@school.edu
A10: T009 | B10: Kunal Dey | C10: M | D10: 28 | E10: B.Ed | F10: Physical Ed. | G10: Sports | H10: 7 | I10: A | J10: 4 | K10: 2020 | L10: 28000 | M10: Contract | N10: 9876543209 | O10: kunal.dey@school.edu
A11: T010 | B11: Soma Chakraborty | C11: F | D11: 42 | E11: M.Sc | F11: Economics | G11: Commerce | H11: 12 | I11: A | J11: 18 | K11: 2007 | L11: 50000 | M11: Permanent | N11: 9876543210 | O11: soma.c@school.edu
A12: T011 | B12: Debashis Paul | C12: M | D12: 35 | E12: M.Sc | F12: Mathematics | G12: Science | H12: 9 | I12: C | J12: 9 | K12: 2015 | L12: 39000 | M12: Permanent | N12: 9876543211 | O12: debashis.p@school.edu
A13: T012 | B13: Tanushree Mitra | C13: F | D13: 31 | E13: B.Ed | F13: English | G13: Arts | H13: 7 | I13: B | J13: 6 | K13: 2018 | L13: 32000 | M13: Contract | N13: 9876543212 | O13: tanushree.m@school.edu
... A16: T015 | B16: Soumen Dutta | C16: M | D16: 44 | E16: M.Sc | F16: Physics | G16: Science | H16: 11 | I16: C | J16: 19 | K16: 2005 | L16: 49000 | M16: Permanent | N16: 9876543215 | O16: soumen.d@school.edu

Sheet Sheet2
A1: IF/AND/OR Logical Function Questions | B1: =Sheet1!A1 -> Teacher_ID | C1: Formulas | E1: VLOOKUP/HLOOKUP/INDEX/MATCH Function | F1: Teacher_ID | G1: Formulas
A2: 1.If Experience>10 years, return"Senior" else "Junior" | B2: =Sheet1!A2 -> T001 | C2: =IF(Sheet1!$J2>10,"Senior","Junior") -> Senior | E2: 1.Find the Subject accordind to Teacher IDs | F2: T001 | G2: =VLOOKUP(F2,Sheet1!$A2:Sheet1!O16,6,0) -> Physics
A3: 2.If monthly salary>=40000, return "High Salary" else "Normal" | B3: =Sheet1!A3 -> T002 | C3: =IF(Sheet2!L3>=40000,"High Salary","Normal") -> Normal | E3: 2.Find the Employment Type according to Teacher IDs | F3: T002 | G3: =VLOOKUP(F3,Sheet1!A2:Sheet1!O16,13,0) -> Permanent
A4: 3.If salary>=45000,"Excellent",if salary>="Good" else "Average" | B4: =Sheet1!A4 -> T003 | C4: =IF(Sheet1!$L4>=45000,"Excellent",IF(Sheet1!$L4>=35000,"Good","Average")) -> Excellent | E4: 3.Find the Qualification accordind to Teacher IDs | F4: T003 | G4: =VLOOKUP(F4,Sheet1!A2:Sheet1!O16,5,0) -> M.Sc
A5: 4.If Department=IT, return "Tech-Department" else "Non-Tech" | B5: =Sheet1!A5 -> T004 | C5: =IF(Sheet1!$G5="IT","Tech Department","Non Tech") -> Non Tech | E5: 4.Find the Age accordind to Teacher IDs | F5: T004 | G5: =HLOOKUP("Age",Sheet1!A1:Sheet1!O16,5,0) -> 29
A6: 5.If Age>=40,"Senior", Age>=30,"Mild-Level" else "Junior" | B6: =Sheet1!A6 -> T005 | C6: =IF(Sheet1!$D6>=40,"Senior",IF(Sheet1!$D6>=30,"Mid Level","Junior")) -> Senior | E6: 5.Find Department accordind to Teacher IDs | F6: T005 | G6: =HLOOKUP("Department",Sheet1!$A$1:$O$16,6,0) -> Arts
A7: 6.If joining year<2010,return "Old Staff" else "New Staff" | B7: =Sheet1!A7 -> T006 | C7: =IF(Sheet1!$K7<=2010,"Old Staff","New Staff") -> New Staff | E7: 6.Find the Subject accordind to Teacher IDs | F7: T006 | G7: {=INDEX(Sheet1!F2:Sheet1!F16,MATCH(F7,Sheet1!A2:Sheet1!A16,0))} -> Chemistry
A8: 7.If Science+Salary>=45000,"Excellent", IfScience+Salary<45000,"Good" others "Average" | B8: =Sheet1!A8 -> T007 | C8: =IF(Sheet1!$G8="Science",IF(Sheet1!$L8>=45000,"Excellent","Good"),"Average") -> Average | E8: 7.Find the Department from Teacher IDs | F8: T007 | G8: {=INDEX(Sheet1!G2:Sheet1!G16,MATCH(Sheet2!F8,Sheet1!A2:Sheet1!A16,0))} -> IT
A9: 8.If Department=Science and Experience>10, return "Eligible","Not Eligible" | B9: =Sheet1!A9 -> T008 | C9: =IF(AND(Sheet1!$G9="Science",Sheet1!$J9>10),"Eligible","Not Eligible") -> Not Eligible
A10: 9.If Gender= Femail or Salary>45000, return"Priority" | B10: =Sheet1!A10 -> T009 | C10: =IF(OR(Sheet1!$C10="F",Sheet1!$L10>45000),"Priority","Normal") -> Normal
A11: 10.If Department = Science and salary>40000, return "High Paid science" | B11: =Sheet1!A11 -> T010 | C11: =IF(AND(Sheet1!$G11="Science",Sheet1!$L11>40000),"High Paid Science","Others") -> Others
A12: 11.If Experience>15 or Salary>48000, return "Top Staff" | B12: =Sheet1!A12 -> T011 | C12: =IF(OR(Sheet1!$J12>15,Sheet1!$L12>48000),"Top Staff","Regular Staff") -> Regular Staff
A13: 12.If Department=Science, Experience>=15, and salary>=45000, return "Star Teacher" | B13: =Sheet1!A13 -> T012 | C13: =IF(AND(Sheet1!$G13="Science",Sheet1!$J13>=15,Sheet1!$L13),"Star Teacher","Regular Teacher") -> Regular Teacher
A14: 13.If Gender= Female or Qualification=M.Ed, return "Special Category" | B14: =Sheet1!A14 -> T013 | C14: =IF(OR(Sheet1!$C14="F",Sheet1!$E14="M.Ed"),"Special Category","Normal") -> Normal
A15: 14.(IF+VLOOKUP)If salary>=45000, show"High" else "Low" | B15: T014 | C15: =IF(VLOOKUP("T015",Sheet1!A2:Sheet1!O16,12,FALSE)>=45000,"High","Low") -> High
A16: 15.(IF ERROR+VLOKUP)If Teacher ID T015 not found, return "Not Available" | B16: T015 | C16: =IFERROR(VLOOKUP("T015",Sheet1!A2:Sheet1!$O16,2,FALSE),"Not Available") -> Soumen Dutta
A17: IFS Logical Function Questions | B17: Teacher_ID | C17: Formulas
A18: 1.Experience grading: >=15"Very Experienced",>=10"Experienced", else "Beginner" | B18: T001 | C18: {=IFS(Sheet1!J2>=15,"Very Experienced",Sheet1!J2>=10,"Experienced",TRUE,"Beginner")} -> Experienced
A19: 2.Employment Type logic: Permanent"Full Time", Contract"Temporary" | B19: T002 | C19: {=IFS(Sheet1!M3="Permanent","Full Time",Sheet1!M3="Contract","Temporary")} -> Full Time

Sheet Sheet3

Sheet Sheet4
